<?xml version="1.0" encoding="UTF-8"?>
<beans xmlns:mvc="http://www.springframework.org/schema/mvc"
    xmlns="http://www.springframework.org/schema/beans" xmlns:xsi="http://www.w3.org/2001/XMLSchema-instance"
    xmlns:aop="http://www.springframework.org/schema/aop" xmlns:context="http://www.springframework.org/schema/context"
    xmlns:jee="http://www.springframework.org/schema/jee" xmlns:lang="http://www.springframework.org/schema/lang"
    xmlns:p="http://www.springframework.org/schema/p" xmlns:tx="http://www.springframework.org/schema/tx"
    xmlns:util="http://www.springframework.org/schema/util"
    xsi:schemaLocation="http://www.springframework.org/schema/beans http://www.springframework.org/schema/beans/spring-beans.xsd
						http://www.springframework.org/schema/aop http://www.springframework.org/schema/aop/spring-aop.xsd
						http://www.springframework.org/schema/context http://www.springframework.org/schema/context/spring-context.xsd
						http://www.springframework.org/schema/jee http://www.springframework.org/schema/jee/spring-jee.xsd
						http://www.springframework.org/schema/lang http://www.springframework.org/schema/lang/spring-lang.xsd
						http://www.springframework.org/schema/tx http://www.springframework.org/schema/tx/spring-tx.xsd
						http://www.springframework.org/schema/util http://www.springframework.org/schema/util/spring-util.xsd
						http://www.springframework.org/schema/mvc  
				        http://www.springframework.org/schema/mvc/spring-mvc-3.0.xsd">

    <!-- 在spring中配置mybaitis -->
    <bean id="sqlSessionFactory" class="org.mybatis.spring.SqlSessionFactoryBean">
        <!-- dataSource属性指定要用到的连接池 -->
        <property name="dataSource" ref="dataSource" />
        <!-- configLocation属性指定mybatis的核心配置文件 -->
        <property name="configLocation"
            value="classpath:/resources/mybatis/sqlmap-config.xml" />
    </bean>

    <!-- 持久化模板 ,dao中引用 -->
    <bean id="sqlSession" class="org.mybatis.spring.SqlSessionTemplate">
        <constructor-arg index="0" ref="sqlSessionFactory"></constructor-arg>
    </bean>

</beans>